id;correo_sede;direccio_sede;nombre_sede;telefono_sede
1;Programa state Librería;e-services Rojo;frictionless;program Videojuegos 
2;Cataluña;generate;Savings Perú;copy Croacia medició
3;open-source;Tácticas óptima;withdrawal;Market Algodón Galic
4;invoice Vasco;relationships Papelería;neural Cine;Morado sistema
5;Patatas Blanco Borders;Distrito Indonesia Práctico;Quinta SMTP Calidad;markets
6;Guapo index interfaz;bandwidth bus Cataluña;arquitectura Portugal;Intuitivo Hogar infr
7;Galicia;bypassing Sorprendente Pound;Guapa;Explanada bluetooth
8;Cine Edificio;Investigación Fantástico Comunidad;withdrawal Electrónica Infraes;transform Videojuego
9;Granito Coche;Caserio Humano payment;HDD;deposit Refinado cus
10;deploy;deposit Silver;estable Franc;Buckinghamshire bran
