id;apellido;codigo;correo;edad;genero;identificacion;nombre;telefono
1;Buckinghamshire transmitting;multiestado;Queso actitud Account;80795;P;Interno Leon;transmitting Galicia;convergence 
2;Bedfordshire SCSI;Total;program Adelante;66650;S;Métricas pro;metódica withdrawal;generación A
3;Bedfordshire Costa navigating;circuit Sabroso;Guantes multiestado virtual;3758;A;Bricolaje In;bandwidth Grupo;demanda meto
4;Ejecutivo Morado;bypassing;Salud complejidad hack;25847;D;Buckinghamsh;customized;withdrawal V
5;Mascotas Gourde;back en Atún;primary;46888;X;web-readines;optical Morado;input Dinánm
6;parsing Masía;open-source;Cambridgeshire Kazajistan;54070;C;monitorizar ;alto;Mancha Sabro
7;Mesa;Paseo;SSL;38105;A;Gorro techno;Monetary;Juguetería
8;expedite Diverso;SDD driver;Pantalones Masía previsión;9219;G;Marca rich Q;metrics;markets
9;Interacciones;Pollo estatica Ferro;Refinado Lugar;82985;p;digital util;array Verde;bluetooth Ca
10;architectures;array incubate;THX sticky;16361;V;Queso Librer;Afghani Borders Murcia;architect
